ID,y,run_0,run_1,run_2,run_3,run_4,run_5,run_6,run_7,run_8,run_9,run_10,run_11,run_12,run_13,run_14,run_15,run_16,run_17,run_18,run_19
C18_1_30,151.8644,112.9844,123.0812,117.3094,114.9438,111.5906,121.4281,127.2406,114.9031,131.5375,123.2781,115.5719,131.9,109.2562,129.1031,126.4,117.9781,124.4375,114.1531,128.9375,116.0969
C18_1_31,166.7103,108.7719,121.1,114.1312,107.6781,104.4844,111.7312,122.9594,115.175,124.0672,117.7688,113.7297,126.1562,112.2875,127.1078,122.4984,115.5875,117.2062,112.9844,123.4344,108.7156
C18_1_32,146.9299,94.5875,108.6531,106.6688,93.2562,93.5906,100.9234,110.0016,106.1297,113.2031,104.8094,106.7844,111.925,107.5594,112.5625,110.0453,105.075,108.5719,103.7828,114.9688,93.9516
C18_1_33,98.1913,79.3453,94.0438,93.8875,77.35,83.975,84.4078,94.3562,93.6906,97.1891,91.8188,97.1562,96.1219,98.3938,94.2469,89.65,92.3422,98.3391,90.6656,100.1891,83.2922
C18_1_34,75.2596,60.5781,70.5484,72.9734,54.4047,65.1906,63.7547,69.4859,74.525,74.4906,69.7969,76.9406,71.575,74.4281,67.0547,64.2156,71.4,74.3156,70.0188,76.7297,59.6172
C18_1_35,45.05,60.1844,67.4672,66.1016,50.2938,62.7891,61.0125,62.7484,70.2188,67.5016,69.6922,72.2922,67.3219,68.1094,59.2562,54.2578,68.0766,71.0094,63.725,69.825,61.5516
C18_1_36,110.2775,59.6312,67.8406,61.0344,50.5938,60.6219,63.3516,59.9406,67.2938,62.5188,69.6438,70.2391,61.975,62.1828,57.0203,53.4344,62.0438,68.9547,59.5719,66.8812,62.2422
C18_1_37,80.7098,58.3516,67.1219,63.1031,54.9484,63.4156,70.8094,63.0219,65.9766,63.5875,72.5406,70.7047,64.7203,63.2797,59.8281,57.9547,61.7516,75.0094,61.9391,71.2969,66.3094
C18_1_38,79.6583,52.1062,62.6234,57.9859,54.8953,61.6688,68.7203,58.2906,58.7031,61.0703,69.7781,67.6062,64.2641,61.8844,56.2672,60.5641,60.2938,74.0109,60.9969,66.0734,64.3344
C18_1_39,77.5694,38.1484,52.7797,47.3938,42.9844,49.2703,48.4719,49.9047,47.4531,51.1969,52.2375,55.8125,53.7578,51.9469,48.1484,52.9953,53.5578,60.3859,46.7469,54.1188,50.8594
C18_1_40,45.6116,39.9188,48.5594,52.5562,46.9078,47.3469,47.8812,48.7547,49.2047,53.3484,52.3125,55.9141,57.8031,52.1359,47.9125,54.0578,59.5359,59.3906,50.8438,54.0922,52.025
C18_1_41,50.4065,50.2062,55.6359,59.0516,55.5109,49.5781,51.6531,51.8016,58.2266,62.5734,59.3969,64.4109,62.4281,53.2812,57.5703,65.8234,69.2688,63.4734,60.5047,54.8922,60.4672
C18_2_28,123.6603,115.6812,122.8812,113.25,116.9188,123.0625,121.8312,127.9,121.2906,117.2906,115.3312,120.1219,133.2438,116.9625,116.9469,119.1906,111.1625,132.0969,112.7969,125.0781,132.3219
C18_2_31,124.7729,106.2766,114.6312,100.5406,117.2469,112.125,118.2875,112.2219,115.5156,105.45,106.8219,115.6156,121.0375,106.5094,108.0984,110.5969,103.9422,122.7812,105.9469,111.4062,123.7438
C18_2_34,145.9414,102.4953,105.4812,95.5,108.4562,95.8234,108.9656,105.5797,98.4531,101.1656,111.7312,102.8984,102.9094,87.9797,104.2219,101.0672,98.9625,97.1531,99.7844,92.7406,106.4703
C18_2_37,147.8101,119.4094,120.0453,113.425,120.625,109.0844,121.5344,109.8469,117.1625,112.4344,112.0656,115.1469,119.6844,110.9844,109.2344,110.725,115.6938,118.8406,107.6656,106.6562,123.025
C18_3_25,126.3387,116.5844,116.0703,107.9844,110.7484,118.4125,123.3594,123.9188,113.5969,119.2062,115.975,118.1125,124.9031,108.9984,111.2609,112.7156,114.3281,129.2656,111.3062,116.8469,123.5625
C18_3_28,136.3834,105.3406,106.2609,98.9344,109.2562,109.7594,114.95,108.1516,107.6094,104.2172,105.5328,113.4594,114.025,103.9219,101.6891,108.0812,105.2109,117.0438,104.525,102.9938,114.5531
C18_3_31,145.0953,114.3156,114.7344,112.4906,123.3656,110.5062,123.325,117.1781,112.0656,109.0031,126.8344,112.8375,115.5281,107.9469,117.3438,116.9844,112.1312,109.5406,115.9812,109.5531,116.9344
C18_3_34,137.892,119.0562,119.9719,116.95,119.55,108.4719,121.4344,107.5125,117.2531,114.7031,113.0375,117.3188,117.0062,110.9844,106.0781,110.4562,116.6375,116.9812,112.7688,108.8594,115.85
C18_1_6,57.4347,59.7969,64.5625,62.9188,59.7719,67.6719,57.5234,49.5828,67.2953,55.4438,61.9062,58.4703,53.8875,54.4922,65.0484,56.6406,58.5047,54.6016,65.1203,58.8266,55.7812
C18_1_7,129.7623,86.7078,84.3547,86.3422,90.2219,94.4172,86.1031,77.9984,98.4688,79.0938,95.15,85.7344,88.0109,83.5547,90.0188,84.0078,89.7406,84.8359,95.3312,83.55,81.4297
C18_1_8,145.1451,104.0734,102.3484,104.2984,107.1609,108.7266,104.1047,97.6016,112.4922,96.2391,111.8094,101.5062,105.3391,98.6031,106.7188,99.5781,106.5469,103.5844,112.3672,99.7125,102.5859
C18_1_9,217.015,120.5016,113.8938,117.4703,120.5047,122.7734,121.3688,114.6094,120.7031,113.4969,126.0812,115.3953,123.2094,112.4906,124.2062,112.2281,123.8156,122.1062,129.6,116.625,116.9922
C18_1_10,209.2774,141.5438,135.6531,138.9719,142.7781,144.1375,149.2406,140.075,139.3969,139.8156,148.5531,141.9469,150.4312,138.6375,153.0094,139.0344,147.7312,149.2844,155.2969,142.7156,140.8281
C18_1_11,203.038,139.9438,145.2875,146.2906,149.3406,150.2031,156.6375,149.9875,145.5562,148.6156,153.8688,157.5594,155.9906,145.0375,160.0,147.8594,157.0,155.1219,160.7125,151.825,148.5031
C18_1_12,103.8595,96.1531,108.6781,107.8078,108.3812,114.3219,116.8953,112.9703,105.9203,116.7328,120.4312,130.3188,112.6438,103.0547,120.4312,114.6766,121.0719,114.3422,121.2016,113.0516,112.5062
C18_1_13,86.9165,79.4531,95.3328,93.9766,93.0953,101.7016,102.5625,99.3219,92.3078,102.6531,106.6781,115.9766,96.6594,88.4312,104.5688,99.3547,106.7844,103.9188,100.6,97.1953,99.975
C18_1_14,66.9708,58.1422,75.2359,72.6844,68.3172,78.5844,78.2438,79.9797,70.1953,87.0703,87.5688,92.8562,74.6672,66.8688,74.5688,76.65,91.0578,83.4438,75.2797,73.6344,78.1
C18_1_15,68.8493,48.6281,67.8766,62.2453,55.4891,66.7609,63.7641,70.4266,59.85,75.9562,75.8766,79.9922,66.0125,55.625,61.1594,62.6641,82.5594,73.4969,63.6594,66.6328,66.9016
C18_1_16,54.8296,39.7438,55.3828,53.2125,45.3109,56.5703,57.9719,61.3484,48.4141,63.5172,65.7375,67.5531,54.5547,43.6406,51.5359,50.2453,69.8391,64.8141,57.1469,59.0016,54.8469
C18_1_17,49.3681,39.6219,56.0984,56.9984,46.8656,57.1312,56.7406,59.9594,50.6094,63.2484,57.5203,65.3609,52.0672,39.2969,52.35,49.8734,68.3562,63.0203,56.0047,58.4391,53.4094
C18_1_18,50.654,44.4156,53.8703,59.9953,55.1641,54.2062,61.3547,55.7812,54.5125,60.7938,55.8219,62.5391,51.7969,40.9141,57.2141,44.5078,65.3422,60.4531,56.7438,54.9922,52.2516
C18_1_19,59.1341,53.4609,59.6094,65.8922,72.7766,65.7484,73.2656,61.5344,66.1625,68.6844,58.9984,77.9562,60.7266,45.6641,57.9781,57.3469,71.2484,65.4422,60.9281,56.8188,61.0
C18_1_20,56.486,59.0781,62.6141,67.9844,78.1531,68.4453,77.7547,63.6531,73.4609,74.2812,60.9578,83.5109,67.5094,49.5938,60.4156,61.6,77.75,69.5469,66.3016,55.5797,66.0266
C18_1_21,102.7827,109.1594,106.3828,116.5156,127.15,118.4609,121.7906,114.6156,120.6938,125.3734,109.1578,130.7969,123.3406,99.8953,104.2609,111.4188,121.6156,114.5719,117.4125,104.6578,109.3422
C18_1_22,339.3617,277.7562,272.8312,269.4438,263.3312,274.1875,275.6875,268.8812,272.45,280.1188,276.9812,280.3,269.8062,276.1,273.2312,264.8438,288.7375,273.375,270.6875,254.2688,259.5375
C18_1_23,300.4246,255.8312,255.4375,258.2188,245.2375,254.3562,262.3562,251.6562,257.175,263.3625,258.825,262.1938,254.175,256.3125,253.3938,252.8125,264.4875,259.5938,250.7562,241.9875,243.625
C18_1_24,248.2435,236.2938,238.0812,245.3906,232.075,237.4219,249.2188,236.9469,244.05,247.0312,245.8188,245.9688,239.2188,244.4812,242.05,240.3375,249.9062,246.8062,239.0938,232.6469,227.425
C18_1_25,225.7969,144.5219,140.1562,157.6875,148.9688,156.2188,150.3781,147.4406,161.6562,151.6,158.0156,162.0281,163.9375,153.6625,155.5781,144.9844,159.3906,153.2938,166.5625,157.0938,147.05
C18_1_26,207.9733,131.3031,126.775,142.6625,130.1156,134.6406,131.3281,130.2688,146.6688,133.1812,134.2344,146.1812,145.2531,134.8156,143.2906,126.7406,139.7469,130.1438,149.8062,142.9,128.1781
C18_1_27,183.3608,112.5766,111.8625,125.2141,112.3297,115.5297,113.8828,116.9234,130.7938,116.4,115.6812,130.3,122.1312,115.7484,128.9,115.3047,119.9109,111.4719,130.1781,127.7812,111.6797
C18_1_28,51.0243,92.8656,95.4125,107.125,88.3312,95.4281,93.6906,95.9625,96.9375,96.1375,94.0656,100.0797,94.4125,92.1594,103.4297,95.9547,101.4656,91.8859,97.5672,101.6422,88.0516
C18_1_29,27.5556,84.4734,81.3109,93.2562,77.6234,80.4359,82.3766,79.25,78.9734,84.6875,79.2484,80.2125,79.0125,74.5156,85.8156,84.4516,87.9641,78.5922,83.7781,85.2172,74.9797
C18_2_1,127.6878,134.3438,138.0562,136.8969,141.9344,135.4281,146.2062,138.2344,134.2844,128.55,144.725,133.0,145.2875,145.8,143.3906,129.95,136.6469,145.3812,135.9625,141.5938,138.425
C18_2_4,113.0324,121.1375,116.5438,114.8406,118.1125,116.7906,118.9031,121.3062,108.1094,117.9656,123.1125,107.4031,120.8344,117.9719,123.9594,117.3469,120.375,117.3938,111.4531,118.7094,117.6156
C18_2_7,95.5205,120.4094,119.225,115.2,116.4312,116.9406,120.4062,119.3844,108.6219,119.6312,120.8094,108.5094,117.6438,118.8031,121.9969,118.4656,118.3531,115.8562,110.7812,117.4156,116.0906
C18_2_10,112.7114,115.1281,113.9359,114.025,113.625,113.0641,113.8594,111.1781,106.8906,112.2938,113.7469,102.2562,116.1719,115.6469,120.9219,110.8688,110.7094,112.4,108.8344,117.8219,115.0781
C18_2_13,108.5444,118.9781,113.8344,110.0219,113.9688,110.1281,110.4219,111.25,109.5906,108.9281,114.9594,100.2219,116.8438,118.6938,120.3969,107.4312,112.0094,114.8688,109.4062,114.9438,114.0438
C18_2_16,112.3767,125.0781,114.2906,116.6094,117.475,114.4938,116.2531,115.1781,113.3281,109.6969,116.4969,106.4375,125.9219,123.0469,118.7688,109.8969,117.6625,117.4688,115.2656,119.2938,117.9188
C18_2_19,200.8851,117.9531,111.4344,110.0281,116.5812,111.5969,112.0828,107.0266,112.1906,104.2641,107.6781,102.3859,118.1906,118.2688,111.8094,107.0016,107.5125,111.9344,105.1281,108.8969,117.2719
C18_2_22,151.6213,117.3281,118.5094,111.5156,117.0562,112.6531,116.425,115.1031,115.0969,106.325,113.9844,107.3594,124.4531,116.7734,122.5938,109.0906,112.5,117.1688,110.3906,113.1531,122.9438
C18_2_25,144.0112,124.9,123.3547,120.2688,123.9781,124.0,124.5719,123.9531,121.4469,114.9469,119.3938,118.1312,136.85,124.9594,125.6703,113.6031,122.8578,126.9062,118.8578,121.4062,130.0969
C18_3_1,134.7428,125.6844,125.0375,121.3094,128.7156,122.5438,135.6344,127.925,122.8031,120.6594,131.9031,118.7,131.0188,132.8938,131.2438,118.4312,126.1562,136.8375,126.0688,127.2688,126.8781
C18_3_4,116.4444,120.5062,113.0641,110.0812,114.3969,107.9297,117.0719,117.6047,103.5031,117.8344,124.5031,105.2922,113.9219,113.2938,121.1531,115.8438,121.675,113.4438,109.4938,114.5391,110.9688
C18_3_7,114.0438,108.6,103.3125,102.3844,104.6906,101.5984,110.9031,102.4172,99.3656,105.2469,110.0391,94.9938,101.5359,106.8031,111.6953,106.6906,103.3625,105.4641,104.5594,106.1438,101.9047
C18_3_10,118.9455,125.6344,116.2438,114.2438,118.1359,114.5734,122.1188,116.3688,113.4766,114.8781,121.975,105.2531,120.1688,124.2688,124.9906,111.9297,116.975,121.9562,118.4969,119.3375,116.3344
C18_3_13,124.8869,120.5625,106.7125,107.3938,107.5672,107.2016,113.8594,108.7125,103.0484,103.5469,111.7312,97.8062,116.2781,116.4969,111.0125,100.9844,111.5531,111.3969,110.6594,110.6188,106.8125
C18_3_16,128.4369,111.6469,105.7688,100.6344,106.2234,104.1031,109.3406,104.5859,100.0672,98.2594,103.7547,94.0297,111.1188,110.2594,109.2938,99.6172,101.0,107.0781,99.8188,103.1219,109.5406
C18_3_19,124.3851,113.0172,114.1438,102.8062,112.7062,108.25,116.5344,114.45,106.0812,108.3266,115.1188,105.9719,114.9438,109.45,122.4969,110.4781,107.9672,116.1031,104.5844,106.3156,119.3188
C18_3_22,163.7546,120.2031,118.1594,112.6531,117.8406,118.3469,122.6156,122.4531,112.5562,115.5234,116.6906,114.0906,126.4531,117.7469,121.5031,112.3656,119.9203,124.5062,113.2594,113.2922,122.9375
C11_1_1,136.7804,125.3625,118.3828,123.3688,105.6812,114.1031,119.3625,118.2125,109.5188,111.2703,116.9141,110.4031,120.8922,130.1938,107.7344,134.4844,109.0141,109.5062,126.9219,109.8734,128.2312
C11_1_4,166.864,110.2234,116.9234,114.0922,108.4141,112.3453,113.9547,118.9094,116.5281,114.0422,116.4156,119.1219,115.3109,121.4391,110.7359,128.9844,109.9766,105.9578,112.6156,111.3891,122.075
C11_1_7,189.6074,128.2594,141.5438,125.0562,130.1047,138.2062,133.9688,135.3562,139.5156,141.1688,139.7844,143.0312,133.825,133.6375,132.4594,141.5375,135.8281,123.7844,122.2438,121.7438,133.6375
C11_5_10,96.8334,63.3641,54.3344,52.6047,48.9047,47.9,44.1641,45.3312,46.6375,61.6438,59.3688,50.3406,64.3625,52.1594,54.2891,60.0938,50.15,56.3594,43.1656,69.9078,54.5328
C11_5_13,88.634,82.3859,79.9656,60.7188,69.3875,61.3609,49.7891,64.1672,81.7719,64.7172,61.1719,75.7781,72.9406,60.0734,66.775,78.7719,68.9672,73.1188,60.9391,61.1953,69.0391
C11_5_16,97.7306,80.1844,84.6391,75.9578,82.6719,79.7484,62.0719,74.2984,88.5172,66.3484,65.1891,75.4672,74.9531,68.6016,72.2,86.4922,74.9734,79.0281,70.0188,69.1062,76.0766
C11_5_19,106.0915,128.125,123.0203,119.2625,118.7234,120.9188,144.3812,89.3484,114.4359,139.7781,133.1531,116.625,119.1656,103.5031,119.2906,101.0344,115.0812,117.7312,111.2953,136.875,118.7844
C11_5_22,78.1485,88.3234,85.8984,82.2672,80.2281,88.5219,104.7812,58.6344,79.8859,89.1953,91.0969,78.9469,85.7375,69.225,85.8719,76.5516,74.7141,80.8391,84.7047,103.9188,85.5938
C11_5_25,87.683,77.7484,71.3312,79.0031,69.9688,84.8188,90.1609,51.1359,70.0984,82.25,86.3266,68.6641,75.8531,69.6406,75.7422,76.425,71.4391,74.5594,66.7281,94.9438,73.9578
C11_16_21,143.1583,128.6656,129.7219,136.5688,125.0812,137.7625,130.3281,131.6672,136.9219,130.1281,130.1047,138.6531,129.4719,132.0438,124.0016,142.9469,124.7688,115.2328,126.3344,113.6469,131.1594
C11_16_24,174.9395,134.3203,136.9969,140.1062,129.3359,143.3406,135.0109,134.9719,136.1469,134.4016,133.4453,140.7266,130.8188,132.3203,129.4234,143.0234,126.2766,119.175,134.075,118.2953,135.7625
C11_16_27,197.6578,140.6719,140.1219,143.475,133.9406,151.8688,139.2688,149.1453,136.95,141.2,140.7844,144.7094,137.4891,138.35,130.6797,146.7344,131.725,125.35,134.3688,128.0188,143.9844
C18_1_1,89.083,88.2516,91.5406,72.1344,83.1891,79.7438,76.5328,84.6484,82.5922,89.6906,86.4578,91.5688,79.3469,75.3422,81.2922,75.4781,91.5375,82.3859,80.3812,84.5625,83.6219
C18_1_2,45.8676,49.7484,54.5438,35.4766,40.4891,44.5219,35.2406,40.5859,44.5969,49.2188,48.7125,50.9625,43.8234,42.9766,47.4406,39.7281,56.3391,38.7875,48.3969,43.5203,42.7391
C18_1_3,32.7654,29.3578,39.4734,23.1406,16.0859,24.5797,17.4688,14.8422,26.7969,25.3734,27.1125,31.8641,25.1344,20.3406,33.6125,16.1031,39.6297,19.2703,28.7156,20.6531,17.8062
C18_1_4,19.6065,24.5922,30.3312,22.9391,10.975,22.3031,15.2328,9.0828,23.6547,18.3656,25.5562,24.2609,22.8156,25.4562,31.8531,10.125,33.4891,13.2344,32.4312,23.9406,12.3703
C18_1_5,16.3984,32.1281,34.2609,32.3938,22.7688,27.7828,24.6391,17.0656,31.9422,25.0844,32.0672,30.3594,31.5641,35.9406,37.7422,21.7516,40.3047,25.7781,41.5797,37.3531,22.9469
C11_8_7,149.3072,179.0406,179.9344,168.075,167.1625,187.6344,111.7047,169.8031,178.4531,180.3188,186.8938,120.1109,173.3734,148.025,166.4969,182.8312,188.9875,158.1438,182.9219,186.2875,171.5266
C11_9_7,105.2683,161.125,160.4641,153.9688,161.7078,184.8719,105.0125,162.1719,161.5531,160.3438,170.7688,119.4656,159.8172,132.85,145.8344,167.3656,172.6812,145.9,168.5312,171.6188,160.7031
C11_10_7,124.2993,180.9969,183.9625,179.3469,169.4688,187.4688,119.0875,168.1375,182.5,188.9031,193.5438,138.2,178.2656,157.1016,173.1812,182.3281,191.3625,157.8062,183.2688,189.6906,172.5906
C11_4_1,114.1696,134.7344,135.7,140.8312,142.6188,122.3359,141.2891,146.3203,127.0828,143.9562,139.9906,131.0531,136.8438,137.8141,133.2875,137.3484,138.925,134.0703,140.1203,151.7125,138.5484
C11_4_4,91.5792,139.325,154.7312,156.2344,158.0875,135.1922,151.4031,154.5406,134.4672,147.5625,145.3234,127.7406,142.2969,147.75,150.0094,143.6875,152.3188,128.5547,151.7125,153.1,141.8438
C11_4_7,87.0244,95.7125,130.0406,122.9531,132.9594,99.8016,119.7328,136.0922,99.3906,126.2828,124.4812,91.1188,117.0234,151.8,119.2891,116.4891,131.5438,118.6906,114.1391,119.8859,127.6297
C11_4_10,98.8151,139.0781,157.5406,157.1,171.9188,130.9969,155.7719,160.6125,130.9125,166.7562,157.2172,132.7391,153.6219,166.3312,158.0688,146.7844,161.9844,155.2844,143.1469,151.6094,171.6438
C11_4_13,107.3062,123.5438,148.1781,133.4969,151.6047,114.0375,129.6891,143.7188,116.9062,145.7594,127.1016,119.1422,137.375,157.2656,140.8812,131.0203,135.5234,141.6953,121.8031,136.6531,157.7469
C11_7_55,86.8376,94.5984,97.8156,121.7156,105.6688,88.025,106.7938,111.4547,100.6219,103.3484,91.4266,90.9484,95.6016,133.3094,99.7625,97.5953,108.6203,98.9344,112.3141,113.6375,99.45
C11_7_58,66.59,75.0,101.4641,103.5031,105.0438,75.7547,85.5438,101.1906,90.7297,90.5578,74.0812,77.9203,82.1938,136.6125,94.8406,90.2859,96.3828,82.6328,85.8359,93.7406,90.5078
C11_7_61,102.2394,79.6953,111.8016,102.2766,112.5562,81.2859,85.3062,101.9656,84.3672,98.7672,81.0484,89.8469,98.1859,142.6344,106.6266,100.8062,95.5328,102.9,86.2859,93.6078,113.6953
C11_11_7,126.508,50.7125,95.0797,104.0531,96.2125,100.2906,54.7672,103.3672,82.6266,109.0266,105.5219,63.6609,98.3172,88.6828,100.1,101.6297,105.4516,66.4609,106.6844,101.6375,75.3938
C11_11_10,155.3824,67.2812,99.5734,101.6938,93.5297,101.3969,82.7781,97.5422,87.9594,101.4875,104.9516,76.6016,96.6703,84.7062,111.6562,103.4922,99.4594,90.4734,107.3641,90.1188,92.6172
C11_14_1,122.032,109.6984,98.1125,96.5672,92.4719,108.8062,88.1078,96.3062,99.4469,95.9906,90.3109,106.9312,100.5484,91.8844,114.3406,108.5906,98.3625,96.7219,118.4281,92.0188,106.4047
C11_14_4,126.7418,121.9984,119.7688,111.1062,107.1125,128.5188,113.7078,103.0688,111.8469,119.675,117.4031,119.9125,121.8156,110.25,137.6844,126.6562,117.3609,112.8266,130.4594,118.0,118.9891
C11_14_7,119.237,115.9406,126.9078,121.4562,118.5547,128.075,114.1031,116.6188,121.65,123.4531,119.7422,119.175,123.2344,121.4844,130.8375,132.3594,122.2469,124.9844,124.4719,125.2188,124.15
C11_14_10,125.885,124.1062,134.0953,128.65,133.1125,136.7688,137.5344,130.5156,127.7828,134.6938,134.3203,132.675,129.2219,132.1688,139.3344,134.7875,127.1438,137.125,129.7875,129.6625,136.3578
C11_14_13,113.3259,132.4125,154.2031,141.1312,145.1953,134.8594,142.4188,136.1922,138.0125,148.5375,151.5562,138.9031,144.0172,149.175,154.6688,140.7984,141.9438,154.4344,129.4234,143.7125,147.7969
C11_15_1,110.8341,97.3406,95.9438,104.3047,109.3891,85.8219,101.6094,95.5,95.6312,101.4391,87.3078,98.6078,99.4047,120.7703,96.0688,87.5016,109.2703,96.2812,102.2359,93.8859,103.9422
C11_15_4,123.1072,98.6531,104.8391,116.1906,115.4875,96.9531,104.9922,102.5344,96.7984,92.7484,84.0203,94.1812,94.8891,116.0469,100.7188,96.9578,102.8297,90.8234,108.9344,103.025,100.5078
C11_15_7,120.7618,85.9906,93.0781,104.0578,109.6344,86.0547,87.2656,98.3812,92.9266,81.0719,75.2844,89.9812,83.1391,118.4734,93.7938,99.1453,94.1594,80.5141,92.6344,96.6391,99.4844
C11_15_10,126.9184,104.3891,109.8516,126.4531,123.1906,104.2859,106.1562,116.1094,109.0625,105.6609,97.6312,114.2234,101.7219,131.4,110.4984,114.5906,109.4312,101.8688,111.0906,115.4594,124.3812
C11_15_13,129.8259,83.1828,101.9969,109.4297,104.8406,83.6797,78.3891,94.1,92.7172,91.3078,77.4016,91.5594,82.1656,126.5094,99.7984,103.7328,88.6625,85.7047,86.8125,93.4766,102.1641
C11_18_11,123.0147,103.8438,117.4781,121.1,115.3641,110.3,116.0125,122.4188,111.9062,115.9156,112.6469,114.1781,105.2953,109.9031,114.9047,119.75,119.7328,114.9578,112.45,112.4719,114.8953
C11_18_13,92.3747,92.8281,123.1531,133.8625,116.8969,123.5219,88.3469,134.4812,98.1672,131.4906,119.5469,94.1766,112.175,123.4781,119.6547,132.0125,134.0219,110.4906,128.3656,121.575,121.2125
C11_18_15,88.0673,104.1422,138.6438,128.1609,130.375,135.8422,117.1406,145.0688,123.8281,131.8531,133.8094,120.1094,121.9375,124.9031,137.3891,137.9875,141.2406,121.1594,132.0844,120.2594,131.7828
C11_18_17,115.9048,102.7172,136.6516,127.7078,128.0719,134.5375,119.1641,143.9047,123.7312,133.4109,134.4406,118.3594,121.9953,123.0125,137.3062,136.0984,138.0938,122.2594,134.1078,118.0078,134.6219
C11_18_19,97.7093,119.2859,148.0375,134.6719,136.3375,156.5,138.8,151.8594,133.6438,135.5062,134.5375,128.1688,150.1906,146.0188,156.3156,147.6797,145.8484,146.0344,138.6812,132.5562,159.275
C11_18_21,92.4002,130.7812,145.5734,138.6938,153.2375,162.3281,142.9453,158.8,143.8562,136.4531,145.2125,143.7781,143.8688,144.9906,143.5281,140.0438,140.6,155.7531,136.6047,143.7031,166.1781
C11_18_23,124.0444,126.6391,124.0516,123.1469,130.3797,125.2922,128.2594,127.8125,124.5656,127.3469,130.8766,125.0438,125.9125,133.5969,124.9234,130.7812,132.1625,136.9938,122.5656,141.1438,131.6906
C11_18_26,116.5408,127.6781,122.5531,119.9266,123.0719,122.275,125.0688,133.3906,126.4641,126.5656,129.8875,126.9828,123.9312,123.5969,130.4281,133.875,128.5156,138.05,120.2891,144.0531,132.2094
C11_18_29,139.8095,118.4625,125.7797,127.3406,129.2094,128.8688,129.2016,140.1969,130.0219,143.5656,141.6125,140.8125,128.7812,124.3281,131.625,133.3281,140.3594,131.0812,121.7781,141.5312,125.7078
C11_6_10,89.8864,106.3922,96.9797,93.8844,72.1078,111.3484,88.7969,50.8797,103.6609,111.2641,106.9516,110.5125,100.4422,77.5891,94.8219,108.4594,104.9875,111.5125,103.3453,105.7734,109.225
C11_6_13,98.6736,93.4547,86.175,86.1297,73.7891,90.2469,74.6594,62.9375,93.3328,90.6734,93.5609,95.5234,82.2828,74.8469,79.225,93.6703,80.8812,92.85,76.1656,88.6172,96.3875
C11_6_16,93.2625,99.3453,80.4969,90.1531,96.1312,104.65,92.5062,75.5203,94.4375,92.9172,100.5125,97.0234,82.8922,84.6375,79.8391,100.0672,83.2734,83.4812,73.2609,105.2,97.9562
C11_6_19,186.963,149.0406,145.525,127.5469,121.175,140.5094,124.9984,92.1625,130.2812,149.2812,130.2406,139.2812,146.2781,113.4094,129.0344,131.7578,145.95,154.4688,155.4781,123.8375,140.1594
C11_6_22,133.2676,141.8344,141.0938,121.1047,115.0734,136.0,121.0234,75.5688,120.4844,138.1688,116.6609,134.3219,139.6312,104.5656,117.8938,132.9141,133.7594,144.4969,157.3781,112.4703,137.4969
C11_6_25,131.036,125.2359,128.3,121.2594,104.9547,133.1312,118.8562,66.3797,114.3141,120.5,113.7875,124.5562,128.7562,98.6984,113.6828,130.0094,128.8188,131.7156,135.7125,114.3062,129.0219
C11_12_1,101.9584,74.525,81.2625,79.1516,75.1406,79.3016,84.5188,85.475,83.975,66.5094,83.5125,72.5688,69.3531,76.7656,74.9453,62.0641,85.4859,74.9391,78.0828,81.5328,78.6922
C11_12_4,94.8096,94.7828,104.7234,80.5062,83.7672,108.4641,88.8703,104.8141,99.6047,98.5344,93.9812,102.7203,99.9,92.7875,78.6953,80.2656,89.8266,99.6422,104.1016,90.9891,99.7469
C11_12_7,97.628,102.5406,110.7469,96.5016,100.3922,104.7625,102.5312,114.9,101.0688,108.9953,106.0188,113.7109,108.6797,108.2609,91.9312,107.7156,100.9891,117.6438,116.4266,101.3719,125.2562
C11_12_10,101.395,108.0219,116.9625,101.7109,102.5453,110.8922,103.2719,108.4047,102.2578,118.1641,107.425,113.0938,106.6922,113.5062,95.4516,111.4891,102.6359,121.2219,113.2297,105.6969,126.0844
C11_12_13,112.8171,107.2344,113.1281,107.5656,113.2375,84.7062,110.7469,94.3,85.9281,101.6453,110.7469,107.5859,96.3172,110.8781,99.4797,104.7172,98.4578,113.5266,107.9344,101.8109,124.1484
C11_13_10,96.6613,140.5125,122.6156,118.5047,111.025,137.3266,114.8578,72.2844,121.5531,130.8781,123.0375,130.2562,137.0344,108.5203,102.725,124.55,129.9984,136.8,134.6031,127.2859,137.7188
C11_13_13,90.9205,124.8625,120.3562,108.2047,103.7422,122.8625,110.0641,90.9984,113.1266,118.6281,117.4766,129.7484,114.8797,103.3875,93.2406,113.0938,114.7719,125.8438,116.2859,117.5875,122.5344
C11_13_16,108.1516,132.2938,119.8672,105.65,122.6859,135.1109,131.0812,99.3281,107.5062,119.9906,124.6906,134.5594,119.6406,118.1094,93.6984,130.8344,119.4656,122.0672,118.1812,131.1844,127.3297
C11_17_1,103.3402,89.0609,94.9359,82.0453,80.3,99.6938,88.7797,99.45,101.6594,83.7672,98.4984,94.0844,87.4531,82.0438,91.5828,80.6531,91.0688,95.2906,89.9375,88.8188,91.5453
C11_17_4,96.9238,106.9969,112.9672,94.6609,98.1734,124.0969,108.3344,115.3938,114.4281,105.8125,113.2859,116.25,109.8969,106.0281,105.2469,98.1641,101.5344,104.5656,117.5828,103.7875,100.4844
C11_17_7,107.9999,116.2031,134.6156,113.1219,116.0578,130.8219,121.6812,144.3344,121.2766,125.3719,130.6344,128.6641,134.475,134.0594,115.2797,126.3594,112.75,137.4906,132.4219,122.0469,142.7234
C11_17_10,124.8448,120.6875,139.4281,130.1078,127.5281,108.2141,131.35,119.0609,107.9578,126.3031,136.7719,133.6438,118.8938,132.5547,128.8062,131.9094,121.5719,137.2656,129.3766,118.6516,145.7656
